{
    "name": "material",
    "variables": {
        "accent_color": "{{ primary }}",
        "accent_bg_color": "{{ primary }}",
        "accent_fg_color": "{{ surface }}",
        "destructive_color": "{{ errorContainer }}",
        "destructive_bg_color": "{{ errorContainer }}",
        "destructive_fg_color": "{{ onSurface }}",
        "success_color": "{{ tertiary }}",
        "success_bg_color": "{{ tertiary }}",
        "success_fg_color": "{{ onSurface }}",
        "warning_color": "{{ secondary }}",
        "warning_bg_color": "{{ secondary }}",
        "warning_fg_color": "{{ onSurface }}",
        "error_color": "{{ errorContainer }}",
        "error_bg_color": "{{ errorContainer }}",
        "error_fg_color": "{{ onSurface }}",
        "window_bg_color": "{{ surface }}",
        "window_fg_color": "{{ onSurface }}",
        "view_bg_color": "{{ surface }}",
        "view_fg_color": "{{ onSurface }}",
        "headerbar_bg_color": "{{ surface }}",
        "headerbar_fg_color": "{{ onSurface }}",
        "headerbar_border_color": "rgba(236, 224, 225, 0.8)",
        "headerbar_backdrop_color": "{{ surface }}",
        "headerbar_shade_color": "rgba(236, 224, 225, 0.07)",
        "sidebar_bg_color": "{{ surface }}",
        "sidebar_fg_color": "{{ onSurface }}",
        "sidebar_backdrop_color": "{{ surface }}",
        "card_bg_color": "{{ surfaceVariant }}",
        "card_fg_color": "{{ onSurface }}",
        "card_shade_color": "rgba(0, 0, 0, 0.07)",
        "thumbnail_bg_color": "{{ surface }}",
        "thumbnail_fg_color": "{{ onSurface }}",
        "dialog_bg_color": "{{ surface }}",
        "dialog_fg_color": "{{ onSurface }}",
        "popover_bg_color": "{{ surface }}",
        "popover_fg_color": "{{ onSurface }}",
        "shade_color": "rgba(0, 0, 0, 0.36)",
        "scrollbar_outline_color": "rgba(158, 140, 143, 0.5)"
    },
    "palette": {
        "blue_": {
            "1": "#99c1f1",
            "2": "#62a0ea",
            "3": "#3584e4",
            "4": "#1c71d8",
            "5": "#1a5fb4"
        },
        "green_": {
            "1": "#8ff0a4",
            "2": "#57e389",
            "3": "#33d17a",
            "4": "#2ec27e",
            "5": "#26a269"
        },
        "yellow_": {
            "1": "#f9f06b",
            "2": "#f8e45c",
            "3": "#f6d32d",
            "4": "#f5c211",
            "5": "#e5a50a"
        },
        "orange_": {
            "1": "#ffbe6f",
            "2": "#ffa348",
            "3": "#ff7800",
            "4": "#e66100",
            "5": "#c64600"
        },
        "red_": {
            "1": "#f66151",
            "2": "#ed333b",
            "3": "#e01b24",
            "4": "#c01c28",
            "5": "#a51d2d"
        },
        "purple_": {
            "1": "#dc8add",
            "2": "#c061cb",
            "3": "#9141ac",
            "4": "#813d9c",
            "5": "#613583"
        },
        "brown_": {
            "1": "#cdab8f",
            "2": "#b5835a",
            "3": "#986a44",
            "4": "#865e3c",
            "5": "#63452c"
        },
        "light_": {
            "1": "#ffffff",
            "2": "#f6f5f4",
            "3": "#deddda",
            "4": "#c0bfbc",
            "5": "#9a9996"
        },
        "dark_": {
            "1": "#77767b",
            "2": "#5e5c64",
            "3": "#3d3846",
            "4": "#241f31",
            "5": "#000000"
        }
    },
    "custom_css": {
        "gtk4": "",
        "gtk3": ""
    },
    "plugins": {}
}